timestamp,emg1,emg2,emg3,emg4,emg5,emg6,emg7,emg8
1525807157725146,0,1,5,-13,-7,-4,-11,5
1525807157725146,-1,-5,-16,7,6,-1,6,-2
1525807157729131,-3,1,8,2,3,15,-6,-5
1525807157729131,0,-2,6,9,7,12,12,5
1525807157730135,1,3,1,-3,-17,-17,-1,-4
1525807157730135,-4,-7,-3,15,11,17,-1,1
1525807157731124,0,-3,-13,-27,-16,2,12,8
1525807157731124,-8,1,3,0,13,6,-26,-23
1525807157735125,-15,-6,3,25,4,0,2,-4
1525807157735125,6,3,7,-17,1,11,11,1
1525807157750138,-23,-8,-9,6,-3,-8,9,-5
1525807157750138,43,7,7,-21,-14,2,0,27
1525807157758192,21,2,-14,26,6,-12,-14,0
1525807157758192,-8,-1,-1,-10,3,-28,-32,-18
1525807157766147,-2,-1,1,9,10,11,-4,-4
1525807157766147,-13,3,22,1,-17,3,6,0
1525807157773153,-14,-14,-40,-35,16,17,12,3
1525807157773153,8,9,6,7,-10,-19,-5,6
1525807157795137,24,8,15,18,-17,-39,19,22
1525807157795137,-58,-30,-30,-9,61,23,-42,-42
1525807157795137,6,4,9,-12,-35,1,6,-21
1525807157795137,6,9,14,9,-10,10,17,11
1525807157818125,11,3,-8,-32,6,-6,1,10
1525807157818125,10,0,-3,-11,-24,-33,25,17
1525807157819126,-2,-5,-3,15,34,34,-24,-8
1525807157819126,-10,-11,-19,7,1,-9,4,-2
1525807157857135,2,4,8,1,-16,-6,4,-10
1525807157857135,2,4,0,8,7,12,-14,4
1525807157858124,0,1,0,-4,9,8,8,1
1525807157858124,-7,-8,-1,3,15,38,6,1
1525807157859156,11,10,21,38,-3,2,9,15
1525807157859156,-31,-20,-24,-13,8,3,-28,-36
1525807157862156,-1,-2,-5,20,6,-10,-31,-23
1525807157862156,1,6,4,-3,-9,-36,17,14
1525807157869192,12,8,16,8,1,-9,8,17
1525807157869192,2,0,7,-1,-6,4,3,0
1525807157876159,-2,-1,-4,-8,-1,1,3,11
1525807157876159,-4,-2,1,2,-7,-10,-1,-14
1525807157885135,-4,-5,-15,-12,1,6,2,-1
1525807157885135,5,3,1,-23,-7,-29,-5,9
1525807157899157,-2,-4,-6,-8,-8,20,8,-1
1525807157899157,3,5,15,14,1,0,-7,0
1525807157908157,-8,-12,-29,-28,11,-2,16,2
1525807157908157,4,3,0,-11,-1,13,-21,-3
1525807157921162,-5,-2,6,6,-2,-4,-5,-1
1525807157921162,10,4,9,2,-13,-5,18,9
1525807157930148,-7,-6,-2,0,6,10,-12,-12
1525807157930148,3,2,2,6,-4,-2,25,4
1525807157945146,9,7,8,4,-7,-15,4,12
1525807157945146,-8,-3,-13,-9,9,-1,-28,-20
1525807157951190,-4,1,4,4,5,13,1,-3
1525807157951190,7,0,-1,-4,-9,-11,16,8
1525807157968142,-1,-1,-3,-14,-4,-45,0,3
1525807157968142,3,0,-8,19,18,22,11,7
1525807157969126,-3,-5,-9,-2,6,1,-7,-2
1525807157969126,1,4,19,27,-4,-2,2,4
1525807157990192,0,1,3,4,-4,9,6,-1
1525807157990192,-4,-2,-3,-7,0,1,-5,-7
1525807157992132,1,1,3,-10,-8,1,2,3
1525807157992132,-2,-1,2,15,5,-8,-10,1
1525807158005136,-3,-1,1,2,-5,-12,1,-7
1525807158005136,0,-3,-6,-11,4,23,0,-1
1525807158011158,0,1,8,11,-6,-3,-7,-2
1525807158011158,1,-2,-4,11,-3,0,3,2
1525807158035192,-2,2,-3,-20,7,5,11,-5
1525807158035192,3,-2,0,4,-11,-12,-6,2
1525807158037132,1,0,-3,-8,-1,-1,-11,-7
1525807158037132,-8,-4,-5,-19,-10,4,30,5
1525807158050157,11,2,3,19,8,0,-12,3
1525807158050157,-3,-1,6,-6,-15,-14,-8,-3
1525807158052145,-4,-8,-15,17,17,-6,1,-2
1525807158052145,1,1,-9,-34,-5,5,-6,-6
1525807158065141,-2,-1,0,-2,-5,20,22,15
1525807158065141,2,0,-2,-4,0,2,-6,-3
1525807158071157,1,2,2,-3,-8,-22,-4,4
1525807158071157,-3,-3,2,12,4,1,-5,-3
1525807158088192,1,-1,1,8,4,8,13,-1
1525807158088192,-2,-2,-6,-25,-2,-4,-5,-1
1525807158089159,3,3,4,-3,-4,0,-12,-1
1525807158089159,6,1,-3,12,10,10,3,1
1525807158110127,-3,-3,-3,-7,-6,0,-4,-2
1525807158110127,-1,3,2,8,2,-3,6,5
1525807158112147,-16,-5,0,-7,-3,3,-8,-7
1525807158112147,11,-4,-6,-8,-8,-11,6,-1
1525807158124139,1,-2,-4,-3,-11,-1,-7,1
1525807158124139,9,8,7,6,14,4,-4,2
1525807158131125,1,-4,-4,-2,-1,-3,-10,-3
1525807158131125,-7,2,1,6,4,2,2,-1
1525807158148158,-8,-13,-11,-22,-30,-5,-9,-5
1525807158148158,6,3,-1,10,15,-1,1,2
1525807158150142,-11,4,6,-3,-11,-5,4,-10
1525807158150142,7,-8,0,5,16,3,5,6
1525807158178219,-14,0,4,3,5,-4,-13,-5
1525807158178219,-19,-13,-19,-27,-36,-13,-8,-13
1525807158179193,28,11,-6,-8,-33,-3,3,14
1525807158179193,6,9,17,20,51,9,-2,2
1525807158184222,-19,-18,-8,-8,-6,-8,-16,-14
1525807158184222,-6,5,11,16,10,3,4,3
1525807158191224,2,-1,5,4,25,8,2,-2
1525807158191224,7,6,-9,-15,-33,1,3,7
1525807158208214,8,7,10,24,15,-1,-3,1
1525807158208214,-5,-6,-7,-13,-20,2,9,1
1525807158209216,-17,-9,-15,-37,-1,0,-13,-12
1525807158209216,14,4,8,4,-12,-3,4,15
1525807158230259,8,10,5,14,37,23,11,2
1525807158230259,0,-2,0,0,-23,-8,-5,-2
1525807158232225,0,-4,1,8,-6,3,8,0
1525807158232225,-12,-4,-4,-14,-3,10,-11,-9
1525807158244260,-2,0,0,3,1,-7,0,-1
1525807158244260,9,1,1,5,8,-6,-2,4
1525807158253230,-5,-4,2,5,14,11,8,0
1525807158253230,-11,-5,-5,0,-4,-13,-4,-8
1525807158268205,10,7,-1,-9,-24,-3,1,0
1525807158268205,-3,-7,-3,4,7,5,-10,7
1525807158269194,7,8,4,11,12,7,21,8
1525807158269194,-3,-7,-4,-10,-35,-6,-8,0
1525807158290222,-8,-6,-2,10,28,4,0,-7
1525807158290222,-11,-3,0,1,7,-4,-3,-9
1525807158292223,15,1,6,1,-13,-6,-7,4
1525807158292223,4,4,-2,4,1,9,7,-1
1525807158304258,1,5,1,-5,-5,-20,0,4
1525807158304258,-5,2,9,-4,-3,-1,0,-4
1525807158313223,-4,-5,-4,7,7,5,3,1
1525807158313223,-6,-2,4,6,7,0,-1,-8
1525807158328202,-6,-3,-3,4,3,5,-4,-3
1525807158328202,5,-1,2,-6,-15,-20,-10,-2
1525807158329190,-5,-3,6,26,-15,-15,-8,-1
1525807158329190,0,4,-6,7,27,-4,7,2
1525807158350222,6,-4,-3,-49,-45,26,3,3
1525807158350222,-4,-13,-22,-4,18,-1,-5,-3
1525807158352223,22,22,12,5,27,22,10,11
1525807158352223,-51,-15,-7,-18,-10,-5,-16,-33
1525807158373189,3,-4,8,36,14,9,-5,-1
1525807158373189,22,17,14,-9,8,0,12,14
1525807158374193,-3,-8,-9,2,-5,12,-13,-7
1525807158374193,23,20,10,-19,0,-17,33,29
1525807158388240,16,8,-1,-7,3,50,-3,12
1525807158388240,-10,-14,-12,3,2,-4,7,-10
1525807158389194,-21,-8,-4,12,4,-5,-6,-9
1525807158389194,12,-4,1,-17,-24,-9,-13,4
1525807158410219,-10,-12,-24,13,12,-24,-7,-5
1525807158410219,4,3,-2,-12,-1,5,-4,5
1525807158412197,-9,-2,0,-13,-17,-7,4,-3
1525807158412197,1,-5,-13,-10,2,13,-5,-4
1525807158424222,1,3,10,-18,-15,-25,-2,-3
1525807158424222,2,5,-9,25,19,14,3,-1
1525807158433191,-8,-3,0,-6,-3,-21,-5,-4
1525807158433191,-13,-6,0,8,1,3,-3,-6
1525807158447255,11,2,3,-9,-8,-11,-2,2
1525807158447255,4,3,0,1,-5,5,6,2
1525807158455195,-2,-7,-2,-12,-10,-17,-5,-2
1525807158455195,0,-1,-1,17,12,3,-6,1
1525807158470257,1,3,2,-1,3,9,6,2
1525807158470257,-15,-8,0,0,-13,-15,-6,-8
1525807158472231,10,3,1,5,24,6,2,1
1525807158472231,-5,-8,-8,-18,-19,-3,-6,-5
1525807158484223,12,7,16,38,44,13,6,-2
1525807158484223,16,2,-3,-3,-17,-21,-12,-1
1525807158493201,16,15,1,-8,4,14,13,13
1525807158493201,-18,-8,5,10,10,1,-8,-11
1525807158508195,-14,-6,-5,-14,-18,-6,3,6
1525807158508195,3,-4,0,-4,-1,6,-3,-7
1525807158509192,-27,-9,0,14,7,-3,-10,-15
1525807158509192,40,11,-1,4,-9,-9,8,29
1525807158529193,-5,1,-8,-8,-7,-4,0,0
1525807158529193,-7,3,6,3,8,10,4,5
1525807158538208,-8,-7,-14,-26,-18,0,-2,-4
1525807158538208,-7,0,1,4,-1,3,-3,-9
1525807158544192,-6,-6,1,3,-7,-7,-3,-4
1525807158544192,7,9,7,17,26,9,9,6
1525807158553230,3,-1,-4,-21,-1,2,2,-2
1525807158553230,-1,-3,2,1,6,-2,-5,-4
1525807158568256,-2,-3,-4,-3,-11,-7,1,-4
1525807158568256,-3,-4,4,-6,-18,-4,-6,-5
1525807158569195,4,2,4,17,14,-3,-2,0
1525807158569195,1,3,0,4,4,0,1,0
1525807158590222,-3,0,-1,2,0,3,0,-1
1525807158590222,-5,-3,-1,-9,-7,1,5,-2
1525807158592190,-5,-5,6,2,-6,-21,-10,-2
1525807158592190,16,9,3,4,-1,2,4,9
1525807158604255,-4,-6,-10,-11,0,-3,-2,-4
1525807158604255,-6,-3,4,9,1,-12,-2,2
1525807158613203,-1,-5,-4,16,4,-16,-10,-4
1525807158613203,16,0,-6,-17,-13,-35,10,10
1525807158628218,-22,1,5,14,7,13,-1,-14
1525807158628218,5,-1,1,-27,-25,-23,-6,2
1525807158629202,-3,2,-2,-1,9,21,3,-3
1525807158629202,-39,-25,-15,20,9,7,-20,-33
1525807158650223,8,21,17,-6,-13,-19,-3,8
1525807158650223,14,-4,-14,-36,0,24,13,1
1525807158652192,-22,-12,-11,24,2,8,-4,-7
1525807158652192,23,17,15,3,1,-3,7,16
1525807158664258,5,-4,-14,-11,40,10,2,0
1525807158664258,-13,-5,-2,15,4,9,-6,-13
1525807158673233,9,0,5,-11,-17,-14,4,9
1525807158673233,-14,-6,-1,5,7,19,2,-4
1525807158688189,1,-3,3,16,-2,6,-1,0
1525807158688189,10,7,2,2,4,-5,3,8
1525807158689220,2,-3,-1,-13,-7,-6,2,2
1525807158689220,-12,-4,-1,0,-3,2,-3,-5
1525807158710204,3,1,-3,-3,-4,-2,4,3
1525807158710204,-1,-2,-5,3,-1,3,-2,-2
1525807158712191,3,1,-2,-14,-5,4,3,-3
1525807158712191,11,2,2,6,-4,6,-3,3
1525807158724256,-5,-7,-6,-12,-17,-4,-1,0
1525807158724256,-7,-4,-5,17,32,8,3,2
1525807158733229,-3,2,5,-7,9,12,1,-3
1525807158733229,3,5,1,-2,1,-7,1,2
1525807158747205,1,-1,-2,-8,-23,-13,-9,1
1525807158747205,-12,0,0,0,-19,-3,1,-2
1525807158754207,21,4,1,7,26,3,1,6
1525807158754207,-6,-12,-2,-6,-11,2,-2,-6
1525807158770205,7,15,4,0,5,1,6,9
1525807158770205,-16,-12,-1,5,-3,2,-5,-11
1525807158772205,7,5,-4,-13,-11,0,4,7
1525807158772205,-6,0,-1,-5,1,2,1,-2
1525807158784206,0,-3,0,5,-10,-10,-5,-6
1525807158784206,4,1,-1,-4,-3,0,1,12
1525807158793212,-8,-2,-5,-10,-8,8,3,-3
1525807158793212,-2,2,6,13,-3,-11,-7,-1
1525807158807224,0,-4,-3,-8,-1,0,5,1
1525807158807224,1,3,7,14,-4,-3,1,-1
1525807158814206,-2,-8,-21,-28,3,4,-2,0
1525807158814206,2,8,6,14,14,6,0,-1
1525807158829313,-6,-5,0,-6,0,-12,-5,-5
1525807158829313,8,4,9,7,-9,-2,1,2
1525807158838280,4,-2,-6,19,3,-3,8,3
1525807158838280,28,14,12,6,5,13,8,19
1525807158853251,-33,-19,-22,-20,-8,-7,-15,-33
1525807158853251,-11,-1,2,4,-3,3,5,14
1525807158854252,3,4,15,12,-1,5,-12,-5
1525807158854252,3,7,4,-10,-5,4,4,-11
1525807158875278,-16,-8,4,-27,18,6,0,4
1525807158875278,20,8,-1,23,16,18,6,3
1525807158877259,-5,-4,4,0,-6,-8,-4,-2
1525807158877259,-7,-7,2,-1,-14,-11,-8,-8
1525807158889257,-20,-12,-6,-10,-16,-4,-1,-5
1525807158889257,21,14,-2,-16,15,16,-3,2
1525807158896313,-3,1,-3,-8,-11,7,5,-8
1525807158896313,-3,-5,6,23,5,-11,-1,15
1525807158913277,6,10,5,2,7,11,3,-3
1525807158913277,-8,-7,-7,-10,0,-13,-5,-6
1525807158914249,1,-1,2,10,-6,3,-1,-2
1525807158914249,-3,-4,-12,-24,-13,9,9,3
1525807158935260,6,-4,-2,16,12,-6,-3,2
1525807158935260,-7,-5,-6,-8,-13,-6,-4,-4
1525807158937260,1,8,8,-2,-1,-4,1,1
1525807158937260,-6,-6,-7,-6,-8,-4,-8,-10
1525807158949312,7,3,-3,9,5,11,8,11
1525807158949312,4,3,7,8,3,-13,-3,-7
1525807158956277,-4,-4,1,0,2,-8,-5,2
1525807158956277,-15,-6,-12,-10,-8,-3,-4,-7
1525807158973254,21,8,1,16,15,-2,0,6
1525807158973254,-11,-6,-5,-19,-27,0,3,-1
1525807158974253,-2,3,1,2,15,-5,-5,-2
1525807158974253,1,-5,-5,-1,8,-1,-2,-2
1525807158995277,9,-1,-7,-20,-34,-8,-2,-5
1525807158995277,-9,8,5,12,6,4,5,3
1525807158997246,8,-5,-2,7,11,-12,-9,3
1525807158997246,-5,8,3,-2,10,1,0,-9
1525807159009259,4,-2,3,9,2,4,0,8
1525807159009259,-2,-6,-4,-11,-15,-7,-2,-5
1525807159018278,3,1,-1,0,-14,-14,-1,6
1525807159018278,-6,0,-3,-3,7,4,0,-3
1525807159032322,-2,0,2,5,-4,-2,-3,-5
1525807159032322,6,-3,-5,-8,5,4,5,7
1525807159034310,-2,-1,7,8,-2,-3,-1,-3
1525807159034310,-2,-2,-9,-11,-3,-12,-7,-3
1525807159055310,3,2,2,-5,-5,4,7,7
1525807159055310,-2,1,10,33,19,0,-4,-4
1525807159057310,-6,-7,-13,-36,-13,-7,5,-1
1525807159057310,0,1,1,-7,-12,0,1,1
1525807159069306,6,0,2,17,14,-6,-2,-3
1525807159069306,-2,0,3,2,2,0,-5,-1
1525807159078307,1,1,4,-13,-17,-2,2,0
1525807159078307,-4,-8,-6,12,18,2,1,-3
1525807159092310,12,3,3,7,3,16,4,7
1525807159092310,-11,-8,-13,-20,-4,-14,-8,-9
1525807159094310,5,-3,-2,-5,-11,-10,-3,2
1525807159094310,-2,-1,9,15,-4,0,-1,-10
1525807159115376,12,-3,-21,-21,6,-15,-1,8
1525807159115376,-23,-7,-2,-8,3,-1,-10,-12
1525807159117341,12,8,4,12,-17,-11,0,7
1525807159117341,-3,-4,-7,0,7,12,-1,-7
1525807159129342,-3,0,8,10,32,17,7,-13
1525807159129342,13,-1,-4,-8,-2,1,2,20
1525807159138339,-14,-2,-2,29,9,-1,-8,-17
1525807159138339,2,3,4,-12,4,1,-6,6
1525807159152320,-1,4,5,16,-6,-9,0,2
1525807159152320,-6,-3,-5,-6,0,4,-1,-12
1525807159154319,1,3,7,-8,-8,6,3,4
1525807159154319,-1,-2,-7,21,9,-20,-2,2
1525807159175338,-9,-1,4,-13,-26,-2,-6,-1
1525807159175338,1,0,2,11,7,19,4,1
1525807159177321,-4,-4,-3,3,-1,-16,-10,-4
1525807159177321,10,9,4,-10,1,9,8,7
1525807159197361,-3,-2,0,6,-2,-7,-3,0
1525807159197361,5,3,3,4,-9,-7,-2,-2
1525807159205308,2,-3,-5,-11,26,22,3,1
1525807159205308,-1,-2,-1,0,-10,-29,1,-1
1525807159212412,-4,-6,-3,1,12,11,-2,-2
1525807159212412,-13,-1,0,0,15,0,3,-5
1525807159219405,20,3,-2,-6,-14,0,-1,7
1525807159219405,-3,-3,0,-6,-13,11,0,1
1525807159235391,-8,1,0,6,9,-5,-3,-2
1525807159235391,9,7,7,11,22,4,3,-2
1525807159237417,-2,2,-3,-2,2,4,7,6
1525807159237417,-1,7,-1,-6,-9,8,1,0
1525807159248409,-2,-7,-3,-12,-13,2,1,1
1525807159248409,-16,-9,-6,0,-9,-14,-9,-8
1525807159258440,-3,-3,-5,-2,-17,-1,1,-2
1525807159258440,-4,4,5,0,19,7,-3,-5
1525807159272458,3,-2,-1,1,-4,1,4,4
1525807159272458,10,3,-1,-8,-10,-5,-1,3
1525807159279427,-7,-5,-2,-1,1,5,3,-3
1525807159279427,-1,-1,0,-2,-13,-9,-7,-2
1525807159294494,-1,2,-1,2,-1,-4,-1,-1
1525807159294494,3,-2,-1,3,2,1,3,0
1525807159295447,-3,0,-2,-14,-21,-11,-5,-2
1525807159295447,-3,-6,-4,10,13,10,3,-1
1525807159317493,-2,2,3,-11,-8,-3,-2,-1
1525807159317493,7,3,0,4,-6,-8,-4,4
1525807159318440,-9,-1,1,4,7,-2,1,-5
1525807159318440,4,-4,3,5,6,3,1,5
1525807159331495,-6,0,-2,-5,-13,-7,-5,-6
1525807159331495,3,-2,-2,-6,0,0,2,3
1525807159339460,-1,-4,2,2,2,4,4,4
1525807159339460,-3,-1,-6,-7,-3,-4,0,-10
1525807159354460,1,4,1,8,10,3,-4,-5
1525807159354460,14,7,11,12,-8,-16,3,6
1525807159355459,-21,-12,-5,-3,4,6,-9,-17
1525807159355459,23,2,8,31,-9,-21,1,27
1525807159377459,-37,-5,3,-10,-12,13,1,-19
1525807159377459,8,6,-5,-6,28,-7,-2,-7
1525807159377459,-3,0,8,-3,11,18,2,15
1525807159377459,15,1,-4,7,-3,21,9,15
1525807159391441,-2,-9,-15,-3,-16,9,-2,-5
1525807159391441,9,4,-3,-11,3,-21,-2,5
1525807159399448,-14,-5,-2,-9,-21,-19,-6,-16
1525807159399448,-3,-3,-2,-6,9,2,3,-4
1525807159414460,14,-2,2,4,-3,-8,0,12
1525807159414460,-27,-9,-7,-11,-20,20,-1,-15
1525807159415443,16,6,-1,4,7,-8,1,4
1525807159415443,-12,-3,-3,-9,-12,-8,-3,-5
1525807159437442,3,2,0,0,-3,-24,-7,-2
1525807159437442,-3,-4,-2,2,18,9,-1,0
1525807159437442,11,6,4,8,13,10,2,3
1525807159437442,-10,-1,-2,-7,1,-5,-2,-10
1525807159451459,-3,1,-1,3,6,5,0,-1
1525807159451459,5,-4,-6,-7,-15,10,6,7
1525807159459437,-2,-1,2,8,16,9,2,2
1525807159459437,0,6,1,-6,11,1,-3,-5
1525807159474494,11,3,0,1,1,2,4,8
1525807159474494,-9,-7,0,-3,-8,0,-4,-5
1525807159475429,-13,-9,-10,-7,-16,-11,-1,-5
1525807159475429,19,1,3,3,14,0,-4,1
1525807159497495,-16,-3,3,-2,4,-2,-3,-7
1525807159497495,2,3,1,16,-3,2,2,7
1525807159497495,-3,4,-2,-3,9,5,2,-6
1525807159497495,-6,1,0,-3,-14,-9,-4,1
1525807159511442,-1,-3,-3,-1,12,4,1,-7
1525807159511442,9,-2,-2,-5,-1,3,2,21
1525807159519459,6,2,-3,-4,-10,-5,-2,-1
1525807159519459,-3,0,-3,-9,1,13,6,-2
1525807159534441,13,8,10,12,3,-17,-8,3
1525807159534441,-12,-9,-2,-7,-21,5,3,-10
1525807159535427,3,2,-4,20,33,4,-1,1
1525807159535427,-6,-4,-12,-39,-19,-1,0,-2
1525807159557496,-4,-2,-3,1,-1,2,1,1
1525807159557496,0,1,3,1,0,-1,-5,-5
1525807159557496,-3,-2,1,4,-7,-1,-2,1
1525807159557496,-3,-2,7,17,4,6,3,-2
1525807159571459,2,-4,-5,-5,-1,-1,1,2
1525807159571459,3,5,-2,-6,0,4,0,-1
1525807159579460,-3,-1,-1,-2,-2,0,4,2
1525807159579460,-15,-8,-5,-1,3,6,-3,-7
1525807159594462,12,2,-1,-5,-5,3,1,7
1525807159594462,6,4,4,2,-2,-5,-1,3
1525807159595439,-16,-5,-6,-14,-10,-2,-4,-11
1525807159595439,4,-4,4,21,1,-8,-5,2
1525807159617441,-6,3,-11,-28,-8,21,7,-5
1525807159617441,6,-4,-12,-5,8,-2,-4,-11
1525807159618442,-29,-14,1,-2,-12,-29,-6,-2
1525807159618442,35,17,16,21,-1,9,2,15
1525807159631461,-6,-7,-8,-7,-5,-21,-3,-14
1525807159631461,1,9,11,3,-7,21,8,6
1525807159639459,9,1,-5,-7,-5,8,1,7
1525807159639459,-25,-5,5,15,3,-18,-4,-17
1525807159654495,-4,-2,6,18,-2,-8,-5,-14
1525807159654495,19,9,7,0,-6,-9,0,11
1525807159655429,24,3,1,5,2,27,6,17
1525807159655429,-22,-8,-10,-26,-4,-8,-7,-12
1525807159677460,6,2,6,6,8,9,4,10
1525807159677460,-10,-7,-13,-2,-1,-14,-1,-5
1525807159677460,14,8,10,16,13,-9,-1,3
1525807159677460,-2,-3,-6,-8,-7,0,-2,-5
1525807159692493,0,-2,1,0,20,11,3,6
1525807159692493,-5,-6,1,1,-4,-16,-5,-4
1525807159692493,-8,1,1,1,-6,3,-1,-12
1525807159692493,1,-3,-4,-11,2,1,2,5
1525807159714459,8,6,0,3,-5,-4,0,5
1525807159714459,-12,-1,-3,-7,-5,-1,-3,-5
1525807159715439,18,2,0,-1,12,12,2,5
1525807159715439,-9,-2,-4,-6,0,0,-1,-3
1525807159737537,4,0,-1,2,-3,1,1,5
1525807159737537,-1,-3,-4,-6,-2,5,-2,-5
1525807159737537,13,20,11,7,21,0,-1,1
1525807159737537,-15,-15,-10,-12,-16,-5,0,0
1525807159760564,8,23,5,0,4,4,4,6
1525807159760564,-11,-11,0,9,1,5,1,1
1525807159761561,-14,-21,-11,-17,-30,-9,-2,-15
1525807159761561,17,5,7,17,39,0,1,38
1525807159774529,-10,-9,-5,-5,-2,-1,-1,-17
1525807159774529,3,8,-2,-4,-5,-5,-1,-1
1525807159775509,-5,-3,-3,2,-1,5,3,-6
1525807159775509,4,6,-1,-6,-15,-4,-5,-9
1525807159797564,1,-7,-3,-5,1,8,2,9
1525807159797564,1,4,7,15,5,-3,-2,-6
1525807159797564,-5,-5,-4,-8,0,4,-4,-3
1525807159797564,-3,0,-3,2,1,11,11,-2
1525807159820528,1,0,3,8,-8,-10,-5,4
1525807159820528,-5,-7,0,-15,1,4,-1,-4
1525807159821496,-1,0,-3,-3,-10,-19,0,5
1525807159821496,4,5,6,13,17,14,1,-2
1525807159842530,0,-3,3,7,-7,2,-1,-1
1525807159842530,-5,-2,0,-2,-7,-5,-1,0
1525807159843497,2,1,1,8,11,13,4,3
1525807159843497,2,0,-6,-21,-15,-9,-5,-7
1525807159857529,-4,-3,2,-9,-5,-10,-3,-1
1525807159857529,7,-4,0,5,7,-1,-5,7
1525807159857529,8,10,5,-1,-11,4,2,2
1525807159857529,-24,-15,-12,-13,1,-25,-12,-36
1525807159880529,-12,3,4,-5,-8,-6,-1,-11
1525807159880529,-4,4,9,27,7,0,5,5
1525807159881496,-3,-6,-18,-7,14,1,-1,-5
1525807159881496,12,1,3,2,-18,14,10,11
1525807159894528,-17,-14,-1,-2,-6,-13,-16,-9
1525807159894528,18,15,5,-4,6,0,4,3
1525807159895529,10,-4,-4,-8,8,-8,-3,8
1525807159895529,-9,1,0,-5,-20,-6,-3,5
1525807159917572,7,-2,-6,-3,12,21,5,6
1525807159917572,-7,-4,-3,4,1,-4,0,-3
1525807159917572,3,1,2,-9,-16,-3,-2,-1
1525807159917572,8,3,1,0,0,-4,-3,4
1525807159940563,8,0,1,9,-9,-8,-1,4
1525807159940563,-5,-3,-7,-9,5,-3,-4,-7
1525807159941554,-15,-3,4,3,0,1,0,-10
1525807159941554,0,1,1,5,1,-6,-1,0
1525807159954616,6,-2,-4,-1,-6,-9,-1,2
1525807159954616,-2,6,0,-3,5,13,5,-2
1525807159955573,-8,-5,4,14,16,-17,-7,1
1525807159955573,6,0,1,6,-4,8,6,2
1525807159977584,5,3,-3,-6,10,3,-4,3
1525807159977584,-2,-8,-10,-9,-7,2,0,-3
1525807159977584,9,9,6,11,11,5,2,7
1525807159977584,-3,11,7,0,-9,-9,-8,-8
1525807160000565,-11,-9,-10,-11,-20,-2,5,-2
1525807160000565,2,-5,5,14,24,7,-1,-2
1525807160001550,3,-7,-5,-3,-8,-3,-2,5
1525807160001550,-2,2,-3,-8,-4,7,2,-3
1525807160014615,5,4,3,6,2,-7,-5,0
1525807160014615,1,1,-5,-18,-23,-4,0,2
1525807160015550,-4,3,-1,-10,-2,1,-2,-6
1525807160015550,4,-4,4,27,17,-2,-1,2
1525807160037573,-1,4,-1,-9,-4,2,-2,3
1525807160037573,1,-3,1,7,12,-4,1,0
1525807160037573,-3,1,-2,-19,-20,-19,-6,-8
1525807160037573,-1,-4,-14,-9,14,9,1,-2
1525807160060552,-3,-5,0,16,1,-20,-2,-3
1525807160060552,0,-2,-4,-4,2,12,-2,0
1525807160061549,-2,-1,1,0,-15,1,-1,-3
1525807160061549,3,3,7,2,-7,-18,-1,5
1525807160082617,-10,-12,1,-1,6,5,1,-2
1525807160082617,0,1,-2,-9,-4,-9,-4,2
1525807160083572,-7,-2,-1,0,-9,-3,-2,-4
1525807160083572,0,-1,-3,9,9,6,0,0
1525807160097549,6,10,2,1,5,4,-1,-3
1525807160097549,-10,-1,0,1,-11,-10,-3,-4
1525807160097549,2,-1,4,3,4,-2,0,-4
1525807160097549,-10,-10,-12,-3,-10,-20,-3,-8
1525807160120583,11,11,6,-18,15,30,12,18
1525807160120583,-15,-9,-4,18,17,-4,-12,-11
1525807160121558,15,12,6,27,17,3,4,12
1525807160121558,-8,-7,-3,-15,-21,-16,-8,-10
1525807160134563,19,0,10,16,-1,48,10,8
1525807160134563,-31,-4,-7,-18,-18,-24,-5,-13
1525807160135550,10,12,4,7,21,10,8,4
1525807160135550,0,-4,-2,16,0,-21,-5,5
1525807160157564,-1,1,-3,-24,-9,-5,0,-2
1525807160157564,4,-2,-2,-4,-3,10,4,5
1525807160158548,-8,-9,-6,5,-2,8,-4,-4
1525807160158548,5,8,10,-3,7,-1,1,1
1525807160180562,-8,-4,-7,-2,-14,-11,-2,-6
1525807160180562,0,-1,-6,-4,1,6,2,2
1525807160180562,2,-2,-6,-14,-19,-13,-3,-2
1525807160180562,5,3,4,-1,8,9,0,4
1525807160194617,-7,-3,0,15,10,-8,-7,-4
1525807160194617,5,-1,-1,-11,-13,0,-2,1
1525807160195567,-4,-5,1,6,1,5,2,0
1525807160195567,-3,-2,-3,-3,22,22,2,-2
1525807160217550,-1,-1,-2,6,-11,-1,0,-3
1525807160217550,3,4,7,4,-9,-18,-4,2
1525807160217550,-6,-5,-9,-9,7,4,0,-2
1525807160217550,0,0,-1,-3,2,7,-1,2
1525807160240581,-1,3,-2,1,15,-7,2,-1
1525807160240581,4,3,3,5,-3,2,0,2
1525807160241559,4,-5,-2,-2,4,3,0,5
1525807160241559,7,-1,2,-1,-5,4,1,2
1525807160254616,-9,0,1,6,5,-10,-5,-8
1525807160254616,8,-3,-5,-11,-19,0,2,12
1525807160255575,-7,-1,2,2,15,4,-2,-3
1525807160255575,-3,2,0,-8,-14,3,-1,-4
1525807160276628,4,-3,0,3,0,-9,-4,1
1525807160276628,4,3,4,3,12,1,0,-2
1525807160277627,-3,-2,1,12,-11,0,2,-2
1525807160277627,3,0,-7,-39,0,18,5,5
1525807160300643,-2,-2,-8,-5,-11,-14,-7,-3
1525807160300643,-6,-5,-3,23,19,12,5,-4
1525807160300643,4,4,3,-16,-6,8,0,-1
1525807160300643,-4,6,-2,11,-3,-9,-5,-3
1525807160314642,-15,-9,2,-1,-1,6,1,-4
1525807160314642,3,1,0,-15,-6,-2,0,2
1525807160315694,10,13,0,7,-1,-6,-2,-2
1525807160315694,-1,-2,4,2,0,6,2,5
1525807160337659,-4,3,-3,-9,-1,-6,0,-13
1525807160337659,15,-12,-1,3,-1,-2,2,27
1525807160338629,-28,-14,-4,-7,-9,-8,-4,-11
1525807160338629,1,-1,0,1,4,-2,-4,4
1525807160360738,-5,8,7,20,-6,9,-2,-29
1525807160360738,-14,2,7,-34,-6,-34,-10,-3
1525807160360738,19,4,-10,16,15,2,-1,3
1525807160360738,-11,-15,-7,-15,-16,-6,3,7
1525807160374701,-6,-1,11,9,-4,-4,1,-4
1525807160374701,5,1,5,14,1,2,-2,-4
1525807160375702,2,4,0,-3,-13,-15,-2,4
1525807160375702,-13,3,10,3,4,44,8,-4
1525807160396668,13,-10,-14,-6,31,3,-4,13
1525807160396668,2,1,4,36,5,7,2,-4
1525807160397668,3,1,6,-11,-11,-14,-2,6
1525807160397668,-2,-4,-6,-6,0,-4,-2,-7
1525807160420698,6,1,3,20,13,-11,-5,8
1525807160420698,3,8,-4,-15,-7,10,2,-6
1525807160420698,-7,-5,-3,-3,4,9,-2,-5
1525807160420698,4,4,4,8,-16,-17,-2,-3
1525807160434668,-5,-2,-1,-15,-10,-2,3,3
1525807160434668,2,0,-9,-6,4,1,-3,-2
1525807160435737,-6,-2,1,-4,-3,-3,1,-1
1525807160435737,6,0,-2,2,-17,-6,-1,1
1525807160456704,-10,-1,-2,-3,22,3,1,-11
1525807160456704,4,5,-1,0,-5,3,-1,15
1525807160457670,-11,-12,1,3,2,3,-2,-4
1525807160457670,8,1,-6,2,-9,-3,-1,2
1525807160480679,-2,4,-2,-7,-20,-11,-5,3
1525807160480679,-7,12,3,3,16,-8,1,-16
1525807160480679,7,-11,5,5,16,12,5,4
1525807160480679,1,-4,-6,-5,4,-8,-2,4
1525807160494702,-1,-7,-1,-2,-8,-1,2,3
1525807160494702,-4,-1,-4,-5,-9,1,-2,-4
1525807160495701,6,5,-1,-2,-3,9,5,2
1525807160495701,6,2,4,0,4,-6,-3,-3
1525807160516683,5,-1,-5,-2,3,3,2,7
1525807160516683,1,-3,1,6,-1,4,2,-1
1525807160517669,-6,-1,-7,-25,-8,0,-2,-3
1525807160517669,-3,-2,-1,4,1,1,0,-5
1525807160540732,0,1,-7,-14,-1,-6,-5,3
1525807160540732,0,-5,-2,-4,2,10,5,0
1525807160540732,-7,2,5,20,5,-2,2,-3
1525807160540732,7,1,1,-9,-3,-15,-4,2
1525807160554678,6,0,3,17,3,17,6,7
1525807160554678,6,-1,-2,-6,2,6,3,2
1525807160555701,-10,1,-4,-9,-6,-5,-6,-6
1525807160555701,-7,-1,2,7,11,4,1,-6
1525807160577701,-1,0,-1,-5,-6,-5,-1,-6
1525807160577701,0,-12,-4,-4,-7,-1,0,0
1525807160578701,-25,-2,0,0,-4,3,-3,4
1525807160578701,10,2,-11,0,-2,8,0,5
1525807160600683,10,6,8,8,21,-4,2,10
1525807160600683,-12,-9,-6,-47,-9,-3,-1,-14
1525807160600683,14,-3,-11,23,23,27,4,5
1525807160600683,-29,-17,-5,8,-9,-18,-5,-9
1525807160614735,-7,8,8,14,-12,7,1,-6
1525807160614735,18,9,8,11,-14,-18,-2,4
1525807160615738,-2,-4,-4,-29,-1,-8,-4,13
1525807160615738,4,7,10,20,24,31,7,2
1525807160637700,3,-4,-9,-12,-20,-1,-1,0
1525807160637700,-12,-2,2,10,24,9,1,-4
1525807160638700,5,0,-5,-11,-9,-2,0,-7
1525807160638700,1,-1,1,6,1,-9,-5,-2
1525807160660731,-5,-5,2,-18,-20,-5,0,5
1525807160660731,2,2,-1,10,3,-1,-3,-3
1525807160660731,10,2,4,3,-14,-15,-3,1
1525807160660731,-8,-2,-3,-16,10,9,4,-1
1525807160674736,17,4,4,18,24,2,0,3
1525807160674736,-9,-3,3,7,-1,-4,-2,-3
1525807160675677,0,-4,-5,-3,-4,3,1,-4
1525807160675677,-1,-3,2,-10,-1,-9,2,-1
1525807160697682,1,11,0,-2,-19,-4,-5,-2
1525807160697682,-1,-12,-2,13,27,3,-3,-2
1525807160698669,5,-2,2,-5,-16,-15,-3,-2
1525807160698669,0,2,-6,-9,-11,8,1,-1
1525807160719682,-11,-14,-11,-16,-23,-8,1,0
1525807160719682,-1,8,6,10,36,20,7,-2
1525807160720669,3,1,0,-1,-4,-6,-2,-5
1525807160720669,18,3,-1,2,0,1,2,34
1525807160734701,-2,-4,-3,-1,1,-9,-5,-4
1525807160734701,-8,-5,-7,-8,-21,-5,-1,2
1525807160735701,-3,0,0,-3,-3,-3,-1,-8
1525807160735701,-4,-1,-2,5,9,2,-2,-8
1525807160756736,0,-3,1,1,6,1,3,5
1525807160756736,6,2,1,-7,-16,-2,-3,1
1525807160757670,0,1,4,6,9,-1,-1,0
1525807160757670,-1,1,7,15,5,-2,0,-6
1525807160780732,-5,-9,-11,11,14,5,-1,-2
1525807160780732,-2,-2,-6,-12,-16,-5,-1,-5
1525807160780732,-9,2,3,7,5,1,-4,-3
1525807160780732,11,3,6,-2,-9,-14,-3,0
1525807160794735,1,0,4,-3,4,6,2,-1
1525807160794735,21,9,2,20,-1,7,5,14
1525807160795670,-12,-6,-4,-13,0,-1,0,-6
1525807160795670,-20,-9,-7,-5,-6,-7,-9,-31
1525807160817786,-6,2,2,-12,-6,-1,4,25
1525807160817786,23,16,8,23,10,4,5,0
1525807160818753,-3,-5,-1,-2,-6,-17,-3,1
1525807160818753,-14,-6,2,8,-12,-10,-6,-15
1525807160840719,28,8,-2,-3,14,-1,12,21
1525807160840719,-28,-12,-5,9,-23,-10,-3,-8
1525807160840719,10,3,-4,-7,24,18,0,6
1525807160840719,-10,-4,7,10,-1,17,-1,0
1525807160854752,-10,-3,0,-11,-11,-1,-6,-16
1525807160854752,7,1,7,7,10,-22,-5,7
1525807160855752,-6,-1,-1,-21,-55,-17,-1,-8
1525807160855752,6,1,-3,-9,-8,10,7,9
1525807160876842,-1,-4,-5,8,18,14,-6,-8
1525807160876842,-13,0,-6,-15,2,-10,-6,-8
1525807160877782,-7,-5,-5,2,-1,3,0,-1
1525807160877782,1,4,1,-3,-16,-10,-1,1
1525807160899842,1,2,2,0,3,-4,1,-2
1525807160899842,-2,-2,-5,-18,-24,-6,-3,2
1525807160900816,0,-7,2,12,11,-4,1,-2
1525807160900816,4,11,-3,-2,10,-1,-2,4
1525807160913893,-18,-26,-5,2,26,18,2,-7
1525807160913893,11,11,3,-1,10,20,6,2
1525807160921856,6,1,2,6,-10,-11,-3,5
1525807160921856,18,3,-6,-7,4,-2,-1,-1
1525807160936839,-17,-12,-10,-16,-25,-20,-8,-11
1525807160936839,-1,-7,1,-3,17,-2,0,0
1525807160937827,-11,-12,-2,10,11,19,3,-2
1525807160937827,4,12,6,1,-5,-15,-6,2
1525807160960829,-1,-13,-3,1,-10,-1,3,-3
1525807160960829,4,4,-3,-11,-17,-6,-3,-2
1525807160960829,-3,-7,-3,2,6,2,-2,-3
1525807160960829,0,-6,-6,-1,19,6,4,0
1525807160973891,6,10,5,-3,-20,-8,-3,3
1525807160973891,-3,1,1,2,4,8,3,-1
1525807160981825,11,10,8,-9,-6,-1,-1,2
1525807160981825,-8,-9,-11,23,7,-9,1,-2
1525807160996839,7,10,-5,-18,3,-7,0,0
1525807160996839,-7,-7,-8,-12,-5,0,-4,-1
1525807160997835,13,8,4,6,2,1,3,4
1525807160997835,-6,-6,-4,-22,-14,4,1,-1
1525807161019840,3,8,5,16,8,8,1,-2
1525807161019840,-5,-9,-3,-5,-3,-4,-1,-2
1525807161020825,-5,-1,-4,9,7,1,-1,-4
1525807161020825,15,6,5,0,8,5,2,12
1525807161033871,-14,-3,-3,1,-5,-6,-4,-18
1525807161033871,10,-6,-5,-7,-1,3,0,12
1525807161041897,-10,3,0,-2,-5,6,4,-3
1525807161041897,-10,-3,-1,10,-6,-9,-10,-17
1525807161057897,10,9,4,2,10,1,2,10
1525807161057897,-13,-12,-7,-1,-5,0,1,-2
1525807161058890,23,18,21,20,15,16,8,7
1525807161058890,-19,-25,-26,-32,-2,-2,-4,-9
1525807161079880,6,9,2,8,2,-20,-4,0
1525807161079880,-6,-3,1,3,3,8,0,-11
1525807161080865,-4,-3,1,3,-34,-18,-4,-4
1525807161080865,4,6,9,-8,10,14,7,1
1525807161093880,-7,-2,1,5,3,0,-2,-1
1525807161093880,9,1,-1,0,-2,-4,0,2
1525807161102865,-5,-1,-6,-5,-3,15,0,-5
1525807161102865,9,2,5,3,-1,-4,1,12
1525807161116896,-5,-6,-8,-8,-8,-3,-4,-3
1525807161116896,1,2,-1,2,-11,-4,-2,-1
1525807161125865,-1,-3,-1,-12,19,10,2,0
1525807161125865,5,8,-3,-7,-27,-8,-1,-2
1525807161139895,-4,-1,9,14,48,18,2,2
1525807161139895,-9,-2,-1,-6,2,-2,-2,-8
1525807161141866,9,-4,-6,1,-15,5,2,5
1525807161141866,-2,8,4,9,16,-11,-6,-2
1525807161153865,5,-4,-2,-13,-39,-4,2,2
1525807161153865,-6,3,2,1,17,0,-5,-2
1525807161162867,-8,-8,-8,-5,16,-8,-2,-1
1525807161162867,-2,-1,3,9,4,13,6,3
1525807161184931,4,6,6,1,-9,-6,-6,-5
1525807161184931,2,12,-2,-6,-11,-1,1,4
1525807161186865,1,-2,1,5,9,-9,-4,0
1525807161186865,4,-3,1,-4,2,2,2,6
1525807161199865,-6,0,-3,-2,-5,-2,-3,-7
1525807161199865,2,-2,2,4,-2,0,2,0
1525807161201866,0,4,-4,-4,-1,-3,1,0
1525807161201866,-6,-4,0,0,2,4,2,-1
1525807161213879,3,-2,-3,-6,-8,3,1,5
1525807161213879,-5,-5,3,13,-3,-10,-1,-4
1525807161228880,2,3,-1,-12,2,-4,0,0
1525807161228880,-3,-5,2,29,15,-3,-1,-1
1525807161237880,1,0,-11,-48,-17,3,4,2
1525807161237880,15,-2,-3,6,11,-1,2,9
1525807161238881,-36,-2,8,0,-22,-15,-10,-21
1525807161238881,22,11,-2,-1,7,1,2,11
1525807161259897,5,2,7,17,7,7,0,0
1525807161259897,-8,-8,-6,-11,-13,-1,1,6
1525807161261882,-9,-5,-2,-4,5,0,-1,4
1525807161261882,24,19,9,-12,-11,-7,-1,6
1525807161273884,-7,-1,9,38,22,16,3,-7
1525807161273884,4,1,-7,-16,-20,7,1,-1
1525807161282876,5,-5,-9,-17,-4,0,2,5
1525807161282876,-16,-9,-1,-13,13,8,-4,-5
1525807161296881,3,-1,0,13,-16,-16,-3,0
1525807161296881,2,-2,0,2,0,7,1,2
1525807161303892,4,1,2,7,4,-9,-5,-3
1525807161303892,-15,-7,-3,-20,-22,-3,-4,-6
1525807161319897,7,1,-2,-15,1,-1,-1,4
1525807161319897,-11,-5,3,27,35,5,0,-8
1525807161321865,7,2,-2,3,-9,-1,-1,3
1525807161321865,-10,-6,-3,1,-11,-5,-2,-6
1525807161342896,-5,-8,-6,-5,-4,0,-1,-3
1525807161342896,-6,5,8,8,17,1,-1,-3
1525807161344879,12,1,-4,0,7,4,1,9
1525807161344879,-9,-2,1,7,6,1,2,-6
1525807161356891,10,2,-5,-9,-15,-6,-2,4
1525807161356891,1,-1,0,-5,-10,4,1,-1
1525807161363879,2,1,3,-1,8,1,-3,-2
1525807161363879,-11,-11,-4,7,-11,-2,0,-4
1525807161379881,-1,6,2,-1,1,-9,-5,-1
1525807161379881,9,8,4,12,29,4,2,3
1525807161381866,-12,-12,-3,1,-10,-6,-3,-5
1525807161381866,0,-1,-1,-1,2,5,3,0
1525807161402880,-3,-5,-3,-1,5,1,0,0
1525807161402880,1,1,0,-8,-10,-3,-6,-2
1525807161404865,1,-3,-2,2,0,3,5,0
1525807161404865,4,-1,-2,-3,5,0,-3,1
1525807161416880,2,0,0,-1,0,6,4,2
1525807161416880,-4,-2,-1,9,-5,-9,-3,-3
1525807161425875,2,1,-2,-7,-3,1,-1,1
1525807161425875,2,-4,-1,8,-11,4,-3,-2
1525807161439869,-6,-1,-1,-1,-2,-15,-2,0
1525807161439869,-2,-5,-3,1,-10,-6,-1,-4
1525807161441875,22,2,2,11,13,4,-1,11
1525807161441875,-17,3,3,-9,-4,-12,-4,-8
1525807161462896,7,0,-1,9,-4,11,4,-3
1525807161462896,-5,-7,-3,-31,-14,-9,-2,-5
1525807161463898,6,3,1,-14,-11,5,4,25
1525807161463898,6,6,-10,22,50,10,1,-5
1525807161476897,-7,-9,-8,8,3,-6,-4,-2
1525807161476897,3,7,5,0,-9,4,1,-4
1525807161483896,-13,-2,3,-7,-8,-7,-5,-10
1525807161483896,5,-7,-9,-19,-18,-14,-6,2
1525807161499879,-4,1,1,-1,-1,7,3,4
1525807161499879,0,-4,-1,9,40,2,-2,0
1525807161501865,-4,4,1,-5,8,4,4,-6
1525807161501865,3,0,3,-5,-16,5,2,3
1525807161522935,-2,-2,-5,-5,8,-7,-5,-4
1525807161522935,-7,-3,-1,-5,-24,-3,-1,1
1525807161524894,11,3,0,9,4,3,2,1
1525807161524894,-4,-4,-1,-4,6,-6,-2,-1
1525807161536934,4,4,5,6,2,2,3,6
1525807161536934,-5,-1,-2,-11,-17,4,1,-1
1525807161543935,-12,-3,-3,6,17,2,-2,-11
1525807161543935,10,-2,0,5,-4,8,5,9
1525807161559900,-3,4,5,-2,-9,-7,-8,-5
1525807161559900,-2,-4,-2,2,0,2,0,-1
1525807161561866,9,-6,-5,3,-8,-8,-1,-1
1525807161561866,-10,6,0,-14,-16,-3,-1,-4
1525807161582896,6,1,3,5,40,15,4,1
1525807161582896,-2,1,-1,1,-7,-18,-9,-6
1525807161584888,2,0,-4,-3,-7,1,1,-2
1525807161584888,-15,-8,3,3,1,3,2,-1
1525807161596865,-5,-3,-4,-5,-9,0,2,0
1525807161596865,2,2,-3,-5,-12,-1,0,-2
1525807161605884,-2,4,1,1,4,9,3,0
1525807161605884,4,0,-2,-2,-2,-1,-1,1
1525807161620026,-2,1,0,1,-15,-4,-3,-3
1525807161620026,-1,-5,0,0,7,6,2,3
1525807161621999,-8,-2,-3,-9,-17,-9,-4,-7
1525807161621999,12,4,8,21,27,4,2,5
1525807161643057,-6,-6,-8,-9,7,-8,-3,-4
1525807161643057,1,-1,1,-5,-2,-3,1,2
1525807161644036,3,-2,0,-1,-25,8,1,1
1525807161644036,-1,-3,-3,-8,-16,-19,-4,-4
1525807161657023,3,2,5,5,10,4,0,0
1525807161657023,10,1,-5,-14,-26,-7,-5,6
1525807161663997,-42,-8,-6,5,59,-6,-9,-32
1525807161663997,10,4,8,7,2,12,7,6
1525807161680058,6,4,-1,-4,-9,-9,0,4
1525807161680058,-3,-2,1,10,-12,12,3,-1
1525807161682000,9,1,3,1,15,2,0,7
1525807161682000,-3,-6,-6,-7,-26,-4,-3,-2
1525807161703021,-2,10,4,-2,2,6,2,-4
1525807161703021,4,0,0,-12,9,-5,0,0
1525807161704004,-1,1,-4,21,-1,1,-2,2
1525807161704004,-2,-4,-10,-19,3,-15,-3,-2
1525807161717022,3,-7,-4,10,2,17,2,2
1525807161717022,-2,-4,-19,-48,-3,-3,0,-3
1525807161724078,-8,-1,3,7,-14,-6,-2,-4
1525807161724078,3,-1,4,0,-5,7,3,3
1525807161740074,4,0,-3,-5,1,5,-3,-2
1525807161740074,-7,-3,5,19,-5,-4,0,-1
1525807161742057,2,-2,1,-1,5,2,0,0
1525807161742057,2,6,2,3,16,12,4,3
1525807161763049,-4,-3,2,1,-7,-10,0,0
1525807161763049,-3,-3,1,9,-5,0,0,0
1525807161764042,1,-3,-5,-19,0,-4,-2,2
1525807161764042,9,-3,-2,-3,-13,-3,-5,-2
1525807161777107,-6,-2,2,8,7,1,0,-4
1525807161777107,-4,0,-1,6,-4,-7,-4,-3
1525807161784110,6,2,0,5,-3,9,6,4
1525807161784110,-2,0,2,-12,-3,-4,-2,1
1525807161800045,-6,-7,-8,2,-8,1,0,-3
1525807161800045,4,6,9,12,10,0,-3,2
1525807161802043,7,5,-2,-10,-19,-6,2,3
1525807161802043,-5,-7,1,7,25,14,2,-3
1525807161823073,-1,0,2,-5,-13,-12,-5,2
1525807161823073,-2,-5,1,7,7,5,2,-3
1525807161824044,6,9,4,-5,-3,-7,-1,4
1525807161824044,-4,0,-1,8,-9,-1,-1,-4
1525807161836109,-1,-3,-3,2,3,1,2,-1
1525807161836109,-4,-2,4,9,-1,-5,-4,-2
1525807161845045,-7,-3,-16,-32,0,6,-2,-6
1525807161845045,6,4,5,15,31,1,2,4
1525807161860075,-1,-1,3,12,3,9,1,3
1525807161860075,-25,-4,1,-18,-19,-24,-9,-23
1525807161862053,6,-3,-4,13,16,4,0,5
1525807161862053,17,3,0,-2,-12,-4,-5,-1
1525807161883073,-38,-6,-7,-12,-6,-13,-11,-28
1525807161883073,19,4,2,-3,-3,17,4,10
1525807161884052,-23,-14,-2,1,-20,-20,-8,-8
1525807161884052,9,9,0,-5,2,8,5,-1
1525807161896073,8,-3,-1,-6,-4,2,3,10
1525807161896073,1,3,5,7,-10,4,-2,-4
1525807161905066,2,0,-5,-2,-19,-5,-3,-4
1525807161905066,-11,-2,6,32,13,0,1,1
1525807161920122,8,3,-4,-32,7,6,4,5
1525807161920122,-1,3,5,15,41,7,3,3
1525807161922137,8,0,4,6,-22,-7,0,4
1525807161922137,-17,-5,-6,-8,-23,-4,-2,-9
1525807161943128,15,3,3,3,-29,-10,-1,9
1525807161943128,1,-3,-4,0,23,3,0,0
1525807161944125,6,3,5,2,4,10,3,4
1525807161944125,-4,-1,-6,-9,3,-4,-3,-3
1525807161956162,-3,-3,-1,1,2,-5,-5,-4
1525807161956162,0,-3,-5,-9,-15,-5,-13,2
1525807161965096,5,2,2,10,20,-1,16,4
1525807161965096,-5,-1,-3,-13,-12,0,5,1
1525807161980176,8,0,-1,3,1,8,4,2
1525807161980176,-2,-5,-6,-2,-7,-12,-3,-2
1525807161982145,-5,0,6,-7,-13,8,-8,-2
1525807161982145,2,-1,1,12,5,-6,-2,0
1525807162003165,-5,0,1,3,7,-1,-1,-2
1525807162003165,1,-4,-6,-8,-5,2,1,4
1525807162004147,8,5,4,7,-11,-7,0,1
1525807162004147,0,-7,-3,-1,16,-3,-13,4
1525807162016161,-8,1,-6,-6,7,3,12,-5
1525807162016161,-3,-1,2,13,1,7,7,-1
1525807162025150,5,-1,-5,-25,-16,-10,-1,5
1525807162025150,-4,-3,0,-2,25,1,-3,-5
1525807162040212,-1,-1,4,3,-13,-2,-4,0
1525807162040212,5,3,-1,-1,12,-13,0,-1
1525807162042145,-2,-1,-1,6,6,-2,-1,-1
1525807162042145,-2,-1,-1,0,-15,1,-2,-1
1525807162063208,2,-2,-6,-24,-6,3,-1,2
1525807162063208,-2,-1,-1,14,9,2,4,1
1525807162064150,-6,-4,0,-8,1,8,-5,-6
1525807162064150,6,1,-1,-3,-14,-10,1,2
1525807162076156,5,3,6,12,13,5,0,-1
1525807162076156,0,-3,-3,-12,-6,4,0,2
1525807162085153,-10,0,1,8,9,-4,-1,-5
1525807162085153,7,0,-8,-12,-1,4,-1,1
1525807162100177,-7,-5,-3,1,-3,-10,-3,-1
1525807162100177,2,2,6,7,5,6,4,1
1525807162102160,-3,-2,-2,2,1,-6,-2,-2
1525807162102160,-4,1,0,-6,-8,4,4,0
1525807162123181,-3,-1,2,5,-10,-9,-4,-2
1525807162123181,8,1,-6,-8,8,8,2,2
1525807162124146,1,-2,-3,-10,-6,3,2,1
1525807162124146,-3,-2,0,3,-15,3,-1,-1
1525807162136177,3,0,0,2,9,-5,-4,-2
1525807162136177,-7,-1,0,13,-25,-2,0,-3
1525807162145155,10,3,1,-20,33,15,3,5
1525807162145155,-8,-4,-1,-4,-5,-2,-3,-4
1525807162160176,1,-1,0,0,-8,-3,-1,3
1525807162160176,-4,-2,-5,-7,-14,-8,-3,-2
1525807162162176,1,-1,-1,8,-8,-1,0,4
1525807162162176,-6,-1,-1,5,14,-1,-1,-5
1525807162183177,2,4,2,0,15,7,-2,2
1525807162183177,-3,-4,-2,-4,-11,-3,1,-3
1525807162184154,1,-2,-3,-5,-9,-1,-1,-1
1525807162184154,-2,0,3,-3,-3,-2,0,-2
1525807162196145,-2,-1,-1,3,-11,-5,0,-1
1525807162196145,3,1,-2,-4,5,2,-3,-1
